{
  "campaign": "N2_ENTROPIA_HORIZONTE",
  "stage": "phase2",
  "config": {
    "rho": 4.0,
    "tx": 2.5,
    "Ls": [
      2.0,
      3.0,
      4.0
    ],
    "seeds": 4,
    "J_ord": 1.0,
    "J_dis": 0.05,
    "burn": 500,
    "meas": 3500,
    "every": 3,
    "slab_u": 0.5,
    "slab_t": 1.0
  },
  "results": {
    "ordered": {
      "2.0": {
        "I": [
          1.3313936438714398,
          0.23949221801288614
        ],
        "I_shuffle": 0.038201957763667825,
        "I_net": 1.293191686107772,
        "dA": 16.25,
        "m": 0.9461765828231743,
        "tau_max": 2.440701463764516,
        "ess_min": 717.0069858936438
      },
      "3.0": {
        "I": [
          2.0575999042672475,
          0.17808723468765472
        ],
        "I_shuffle": 0.19737093015663995,
        "I_net": 1.8602289741106075,
        "dA": 35.0,
        "m": 0.9733092914927159,
        "tau_max": 3.078323180963643,
        "ess_min": 568.4913172281597
      },
      "4.0": {
        "I": [
          2.554018676623836,
          0.2178137439113696
        ],
        "I_shuffle": 0.550974482384974,
        "I_net": 2.0030441942388624,
        "dA": 59.75,
        "m": 0.9823333527740018,
        "tau_max": 2.103517312815254,
        "ess_min": 831.9399081426518
      }
    },
    "disordered": {
      "2.0": {
        "I": [
          0.04685727476091685,
          0.005084362084569614
        ],
        "I_shuffle": 0.036701849333347164,
        "I_net": 0.010155425427569684,
        "dA": 16.25,
        "m": 0.06252979784155212,
        "tau_max": 0.5263487941868462,
        "ess_min": 3324.7915057990526
      },
      "3.0": {
        "I": [
          0.2421516893802455,
          0.018163234400316954
        ],
        "I_shuffle": 0.2005977007298866,
        "I_net": 0.04155398865035889,
        "dA": 35.0,
        "m": 0.07659445525278354,
        "tau_max": 0.8448094125960063,
        "ess_min": 2071.473132173614
      },
      "4.0": {
        "I": [
          1.7638037716909079,
          0.11061635118055618
        ],
        "I_shuffle": 0.5401521662447739,
        "I_net": 1.223651605446134,
        "dA": 59.75,
        "m": 0.4468496663837365,
        "tau_max": 3.302422712704058,
        "ess_min": 529.913991103544
      }
    }
  },
  "slope_net": [
    0.6486812543733932,
    0.1775946008387971
  ],
  "perA_spread": 0.9071136380434629,
  "control_ok": false,
  "verdict": "INCONCLUSIVE",
  "runtime_s": 1675.9123890399933
}