{
  "campaign": "N2_ENTROPIA_HORIZONTE",
  "stage": "phase1",
  "d4": {
    "1.5": {
      "N_rel": [
        20824.833333333332,
        514.2509532604611
      ],
      "N_link": [
        1088.0,
        31.613432127959328
      ],
      "N_mol": [
        167.16666666666666,
        13.384089000893502
      ],
      "n": 450.5833333333333
    },
    "2.0": {
      "N_rel": [
        66246.66666666667,
        1330.9232062024018
      ],
      "N_link": [
        3699.0,
        72.88378046277138
      ],
      "N_mol": [
        451.9166666666667,
        33.59393396120644
      ],
      "n": 800.5833333333334
    },
    "3.0": {
      "N_rel": [
        310552.25,
        6011.701675249444
      ],
      "N_link": [
        20393.75,
        459.6365679764961
      ],
      "N_mol": [
        1545.4166666666667,
        81.39088795076599
      ],
      "n": 1801.0833333333333
    },
    "4.0": {
      "N_rel": [
        901488.5,
        9702.316299901448
      ],
      "N_link": [
        68077.58333333333,
        671.4685901443977
      ],
      "N_mol": [
        3194.9166666666665,
        97.68715202992239
      ],
      "n": 3201.6666666666665
    }
  },
  "d4_slopes": {
    "mol": [
      2.9280395126153014,
      0.1250008780253056
    ],
    "link": [
      4.209304465488591,
      0.007191912965435769
    ],
    "rel": 3.8369943989478212
  },
  "d4_tcheck": {
    "2.0": {
      "N_mol": [
        1266.6666666666667,
        65.41352530577521
      ],
      "N_link": [
        13145.833333333334,
        275.54873168888577
      ],
      "N_rel": [
        115671.66666666667,
        2536.041852528814
      ]
    },
    "2.5": {
      "N_mol": [
        1502.4166666666667,
        57.51343167671638
      ],
      "N_link": [
        19701.083333333332,
        352.4107335571132
      ],
      "N_rel": [
        305572.0,
        5218.841931507469
      ]
    },
    "3.5": {
      "N_mol": [
        1901.4166666666667,
        83.25003033335814
      ],
      "N_link": [
        35782.666666666664,
        390.34032030596796
      ],
      "N_rel": [
        1241947.75,
        14492.183367576803
      ]
    }
  },
  "t_sigma": 5.995282472378843,
  "d4_rho": {
    "4.0": [
      913.3333333333334,
      57.337957882552935
    ],
    "8.0": [
      1528.4166666666667,
      55.345397324895096
    ],
    "16.0": [
      2823.8333333333335,
      125.55572427806668
    ]
  },
  "rho_slope": [
    0.8267835295492599,
    0.05044395777527912
  ],
  "d3": {
    "2.0": {
      "N_rel": [
        54720.416666666664,
        1010.9142311304261
      ],
      "N_link": [
        1036.1666666666667,
        24.109860089501836
      ],
      "N_mol": [
        87.91666666666667,
        7.812633837237445
      ],
      "n": 720.6666666666666
    },
    "3.0": {
      "N_rel": [
        121740.16666666667,
        2075.1654582931283
      ],
      "N_link": [
        2509.25,
        75.51180170655245
      ],
      "N_mol": [
        155.58333333333334,
        8.284211282050727
      ],
      "n": 1080.75
    },
    "4.0": {
      "N_rel": [
        207950.5,
        4029.0921161352258
      ],
      "N_link": [
        4719.833333333333,
        92.82949777180559
      ],
      "N_mol": [
        243.41666666666666,
        14.663115100293133
      ],
      "n": 1440.8333333333333
    },
    "6.0": {
      "N_rel": [
        425092.5,
        6448.1737248901445
      ],
      "N_link": [
        11294.333333333334,
        131.82060429679314
      ],
      "N_mol": [
        341.6666666666667,
        22.292250771163612
      ],
      "n": 2161.3333333333335
    },
    "8.0": {
      "N_rel": [
        661229.0833333334,
        6674.292996785835
      ],
      "N_link": [
        19371.25,
        161.78910351179871
      ],
      "N_mol": [
        430.0833333333333,
        16.102163572550484
      ],
      "n": 2881.25
    }
  },
  "d3_slopes": {
    "mol": [
      1.065121135891946,
      0.08890851287138603
    ],
    "link": [
      2.0933078077077636,
      0.042910408503562536
    ]
  },
  "d2": {
    "10.0": {
      "N_mol": [
        8.6875,
        1.627162023278567
      ],
      "N_link": [
        178.875,
        5.426689445079139
      ],
      "N_rel": [
        42003.6875,
        1017.5889548288068
      ]
    },
    "20.0": {
      "N_mol": [
        8.375,
        1.079641144084459
      ],
      "N_link": [
        365.6875,
        9.125385265839464
      ],
      "N_rel": [
        173091.5625,
        2929.8851427555282
      ]
    },
    "40.0": {
      "N_mol": [
        8.125,
        1.210630001280325
      ],
      "N_link": [
        684.0,
        7.3496031638903245
      ],
      "N_rel": [
        683755.5,
        5288.935627798848
      ]
    },
    "80.0": {
      "N_mol": [
        6.75,
        1.181453906563152
      ],
      "N_link": [
        1376.9375,
        14.250868029117852
      ],
      "N_rel": [
        2772912.25,
        21803.032385140836
      ]
    }
  },
  "d2_slope": [
    -0.11331051629669443,
    0.04077384300606541
  ],
  "coefficients": {
    "a4": 49.379981607509606,
    "a3": 24.821218620302226,
    "a2": 7.984375
  },
  "checks": {
    "area4": false,
    "area3": true,
    "const2": true,
    "t_ok": false,
    "rho_ok": false
  },
  "verdict": "FAIL",
  "runtime_s": 56.912118673324585
}