{
  "campaign": "N2_ENTROPIA_HORIZONTE",
  "stage": "phase1c_convergence",
  "d4": {
    "3.0": [
      4.0,
      0.5244044240850758
    ],
    "4.0": [
      7.9375,
      0.6549093448714868
    ],
    "5.0": [
      12.4375,
      1.064458978386047
    ],
    "6.0": [
      16.875,
      0.841006341632848
    ]
  },
  "d4_slope_Lge4": [
    1.845129873090881,
    0.08184054397046946
  ],
  "d4_perarea_conv_sigma": 0.5919766652089757,
  "d2": {
    "10.0": [
      0.3515625,
      0.06134748764941943
    ],
    "20.0": [
      0.296875,
      0.04752663856229994
    ],
    "40.0": [
      0.28125,
      0.0553904137290097
    ],
    "80.0": [
      0.296875,
      0.054744591964955305
    ]
  },
  "d2_slope": [
    -0.08033691445201477,
    0.05159352552856549
  ],
  "coefficients": {
    "a4": 0.17233886367512755,
    "a2": 0.306640625
  },
  "checks": {
    "area4": true,
    "conv4": true,
    "const2": true,
    "powered2": true
  },
  "verdict": "AREA_LAW",
  "runtime_s": 65.41846537590027
}