{
  "campaign": "N2_ENTROPIA_HORIZONTE",
  "stage": "phase2b_repair",
  "repairs": [
    "global zero-mode projection",
    "control J=0.005"
  ],
  "note": "run in foreground chunks (background tasks were killed)",
  "results": {
    "ordered": {
      "2.0": {
        "I": [
          0.08856154114912171,
          0.009885258461266849
        ],
        "I_shuffle": 0.037232650037828184,
        "I_net": 0.05132889111129353,
        "I_net_err": 0.005820914344963826,
        "n_seeds": 4,
        "m": 0.9461765828231743,
        "ess_min": 717.0069858936438
      },
      "3.0": {
        "I": [
          0.39537595404888054,
          0.022163424584584306
        ],
        "I_shuffle": 0.1970818908777956,
        "I_net": 0.19829406317108494,
        "I_net_err": 0.008350365168119976,
        "n_seeds": 4,
        "m": 0.9733092914927159,
        "ess_min": 568.4913172281597
      },
      "4.0": {
        "I": [
          1.0809651852644195,
          0.1299226879386751
        ],
        "I_shuffle": 0.5479974855341899,
        "I_net": 0.5329676997302296,
        "I_net_err": 0.07613149801997915,
        "n_seeds": 4,
        "m": 0.9823333527740018,
        "ess_min": 831.9399081426518
      }
    },
    "disordered": {
      "2.0": {
        "I": [
          0.04338550671106844,
          0.007405009882050753
        ],
        "I_shuffle": 0.038241783059229546,
        "I_net": 0.00514372365183889,
        "I_net_err": 0.0029832715693155457,
        "n_seeds": 4,
        "m": 0.04861053356734428,
        "ess_min": 2672.2257674041202
      },
      "3.0": {
        "I": [
          0.19601509722096888,
          0.013678368370592667
        ],
        "I_shuffle": 0.19187128800260994,
        "I_net": 0.004143809218358954,
        "I_net_err": 0.0021331015433639806,
        "n_seeds": 4,
        "m": 0.03286535044939955,
        "ess_min": 3407.6052289475515
      },
      "4.0": {
        "I": [
          0.548551658731625,
          0.06283104539475988
        ],
        "I_shuffle": 0.5523482546276228,
        "I_net": -0.0037965958959977897,
        "I_net_err": 0.006409515792012133,
        "n_seeds": 4,
        "m": 0.02513735675405794,
        "ess_min": 3382.293174575939
      }
    }
  },
  "slope_net": [
    3.3610757556446185,
    0.041106798026753766
  ],
  "perA_spread": 0.9011284930362292,
  "control_ok": true,
  "verdict": "FAIL"
}