{
  "campaign": "N2_ENTROPIA_HORIZONTE",
  "stage": "phase1b_posthoc_BD",
  "anchor": "Barton et al., PRD 100, 126008 (2019), arXiv:1909.08620",
  "d4": {
    "1.5": [
      0.6666666666666666,
      0.2842676218074806
    ],
    "2.0": [
      1.6666666666666667,
      0.414387707005374
    ],
    "3.0": [
      4.166666666666667,
      0.5881833013267174
    ],
    "4.0": [
      8.416666666666666,
      0.7012794944192573
    ]
  },
  "d4_slope": [
    2.44198243280877,
    0.08738385778022267
  ],
  "d4_tcheck": {
    "2.0": [
      3.9166666666666665,
      0.5567537583840342
    ],
    "2.5": [
      4.5,
      0.5967081414398551
    ],
    "3.5": [
      4.416666666666667,
      0.6793304784785525
    ]
  },
  "t4_sigma": 0.569261732249043,
  "d4_rho": {
    "4.0": [
      3.0,
      0.7177405625652734
    ],
    "8.0": [
      3.6666666666666665,
      0.4819992036541475
    ],
    "16.0": [
      5.333333333333333,
      0.5945883900105632
    ]
  },
  "rho_slope": [
    0.45556700103076486,
    0.07916702465665625
  ],
  "d3": {
    "2.0": [
      1.3333333333333333,
      0.3553345272593508
    ],
    "3.0": [
      1.0833333333333333,
      0.35798961668820184
    ],
    "4.0": [
      2.25,
      0.46261771638703114
    ],
    "6.0": [
      2.5,
      0.5435573065046091
    ],
    "8.0": [
      4.083333333333333,
      0.4515685345704918
    ]
  },
  "d3_slope": [
    0.9070553826324714,
    0.1750741785618731
  ],
  "d3_tcheck": {
    "2.0": [
      2.25,
      0.5789881455844089
    ],
    "3.0": [
      1.4166666666666667,
      0.2599047999758855
    ],
    "4.0": [
      1.1666666666666667,
      0.3445096060879416
    ]
  },
  "t3_sigma": 1.6079600324383687,
  "d2": {
    "10.0": [
      0.4375,
      0.1818596070232933
    ],
    "20.0": [
      0.5,
      0.15811388300841897
    ],
    "40.0": [
      0.1875,
      0.10077822185373188
    ],
    "80.0": [
      0.1875,
      0.10077822185373188
    ]
  },
  "d2_slope": [
    -0.5130258617167375,
    0.26019317961743005
  ],
  "coefficients": {
    "a4": 0.15043410326024567,
    "a3": 0.23369110447008784,
    "a2": 0.328125
  },
  "checks": {
    "area4": false,
    "area3": true,
    "const2": false,
    "t_ok": true,
    "rho_ok": true
  },
  "verdict": "FAIL",
  "runtime_s": 41.23433804512024
}