{
  "per_cell": {
    "crystal|0.12|2.0": {
      "Ns": [
        30,
        50,
        70,
        90,
        120
      ],
      "z_series": [
        13.944583333333334,
        23.269575,
        31.78541071428571,
        37.419375,
        45.71465625
      ],
      "z_slope_dlnN": 22.85492574102575,
      "z_top": 45.71465625,
      "c4_series": [
        588.8861666666667,
        2907.783225,
        7600.905196428571,
        12735.872013888888,
        24475.537447916668
      ],
      "c4_top": 24475.537447916668,
      "c4_nondecreasing": true,
      "post_density_series": [
        0.0016666666666666668,
        7.5e-05,
        0.0002232142857142857,
        0.0016458333333333333,
        0.0003385416666666667
      ],
      "hotcold_rel_dz": [
        0.011402276869752087,
        0.005068850634358556,
        0.041752084149118227,
        0.06677690367623708,
        0.22646776072680927
      ],
      "hotcold_ok": false,
      "SNA1": false,
      "SNA3": true,
      "SNA": false
    },
    "crystal|0.12|4.0": {
      "Ns": [
        30,
        50,
        70,
        90,
        120
      ],
      "z_series": [
        14.801125000000003,
        24.009999999999998,
        32.07678571428572,
        39.609402777777774,
        49.277875
      ],
      "z_slope_dlnN": 24.672680129534807,
      "z_top": 49.277875,
      "c4_series": [
        709.1914166666667,
        3179.590225,
        7824.3455,
        14913.27938888889,
        29154.86602083333
      ],
      "c4_top": 29154.86602083333,
      "c4_nondecreasing": true,
      "post_density_series": [
        0.0029374999999999996,
        0.005737500000000001,
        0.0037142857142857142,
        0.0008402777777777777,
        0.0007760416666666668
      ],
      "hotcold_rel_dz": [
        0.008732444324333503,
        0.004493960849646013,
        0.016451594945164943,
        0.08740419029291954,
        0.217748161150753
      ],
      "hotcold_ok": false,
      "SNA1": false,
      "SNA3": true,
      "SNA": false
    },
    "crystal|0.21|2.0": {
      "Ns": [
        30,
        50,
        70,
        90,
        120
      ],
      "z_series": [
        14.554708333333334,
        23.4471,
        29.572339285714285,
        35.27013888888889,
        44.31582291666667
      ],
      "z_slope_dlnN": 20.894376120107765,
      "z_top": 44.31582291666667,
      "c4_series": [
        663.227625,
        2923.8773250000004,
        6022.430553571428,
        10714.908458333333,
        22449.853760416667
      ],
      "c4_top": 22449.853760416667,
      "c4_nondecreasing": true,
      "post_density_series": [
        8.333333333333333e-05,
        0.0019375,
        0.0011964285714285714,
        0.000798611111111111,
        0.0001354166666666667
      ],
      "hotcold_rel_dz": [
        0.012739291122861289,
        0.026446767404071175,
        0.13987612700333493,
        0.2420083088857824,
        0.38348088142896675
      ],
      "hotcold_ok": false,
      "SNA1": false,
      "SNA3": true,
      "SNA": false
    },
    "crystal|0.21|4.0": {
      "Ns": [
        30,
        50,
        70,
        90,
        120
      ],
      "z_series": [
        14.568874999999998,
        22.90855,
        29.932803571428572,
        36.435833333333335,
        46.959885416666665
      ],
      "z_slope_dlnN": 22.7786885724923,
      "z_top": 46.959885416666665,
      "c4_series": [
        676.7715000000001,
        2786.499375,
        6275.890107142857,
        11576.504305555556,
        25997.278854166667
      ],
      "c4_top": 25997.278854166667,
      "c4_nondecreasing": true,
      "post_density_series": [
        0.011125,
        0.0078125,
        0.004526785714285715,
        0.0012569444444444446,
        0.0015468749999999999
      ],
      "hotcold_rel_dz": [
        0.03908446373976489,
        0.03438017683354037,
        0.15157164529836786,
        0.27234483757595146,
        0.3320977190416731
      ],
      "hotcold_ok": false,
      "SNA1": false,
      "SNA3": true,
      "SNA": false
    },
    "random|0.12|0.2": {
      "Ns": [
        30,
        50,
        70,
        90,
        120
      ],
      "z_series": [
        4.427958333333333,
        5.337149999999999,
        5.949,
        6.43575,
        6.966104166666667
      ],
      "z_slope_dlnN": 1.8336044287842874,
      "z_top": 6.966104166666667,
      "c4_series": [
        4.9318333333333335,
        7.470325,
        9.382982142857141,
        11.112708333333334,
        12.756625
      ],
      "c4_top": 12.756625,
      "c4_nondecreasing": true,
      "post_density_series": [
        0.0022500000000000003,
        0.000825,
        0.0003928571428571428,
        0.00029166666666666664,
        0.00011979166666666666
      ],
      "hotcold_rel_dz": [
        0.004196817570174481,
        0.0010679857227171878,
        0.0021132002977691136,
        0.00014674970973770182,
        0.001973843581868143
      ],
      "hotcold_ok": true,
      "SNA1": false,
      "SNA3": true,
      "SNA": false
    },
    "random|0.12|0.5": {
      "Ns": [
        30,
        50,
        70,
        90,
        120
      ],
      "z_series": [
        4.7292499999999995,
        5.650550000000001,
        6.244321428571429,
        6.684319444444444,
        7.19959375
      ],
      "z_slope_dlnN": 1.779116593020608,
      "z_top": 7.19959375,
      "c4_series": [
        6.974208333333333,
        9.985199999999999,
        11.868928571428572,
        13.198861111111112,
        14.95434375
      ],
      "c4_top": 14.95434375,
      "c4_nondecreasing": true,
      "post_density_series": [
        0.002104166666666667,
        0.0008375,
        0.0003214285714285714,
        0.00025,
        0.00016145833333333333
      ],
      "hotcold_rel_dz": [
        0.002290708533770125,
        0.00401730804965895,
        0.00040036375907244904,
        0.0020653644204616964,
        0.0012876883967698882
      ],
      "hotcold_ok": true,
      "SNA1": false,
      "SNA3": true,
      "SNA": false
    },
    "random|0.21|0.2": {
      "Ns": [
        30,
        50,
        70,
        90,
        120
      ],
      "z_series": [
        4.464625,
        5.3781,
        5.990857142857143,
        6.467208333333334,
        6.974895833333333
      ],
      "z_slope_dlnN": 1.8165894762637806,
      "z_top": 6.974895833333333,
      "c4_series": [
        5.2032083333333325,
        7.851125000000001,
        9.693714285714286,
        11.290513888888889,
        12.832552083333333
      ],
      "c4_top": 12.832552083333333,
      "c4_nondecreasing": true,
      "post_density_series": [
        0.0021458333333333334,
        0.0008,
        0.0004821428571428571,
        0.0002777777777777778,
        0.00016145833333333333
      ],
      "hotcold_rel_dz": [
        0.0033037489150823138,
        0.004388166824714895,
        0.002026898130484674,
        0.0018254484697372278,
        0.0007228303887454073
      ],
      "hotcold_ok": true,
      "SNA1": false,
      "SNA3": true,
      "SNA": false
    },
    "random|0.21|0.5": {
      "Ns": [
        30,
        50,
        70,
        90,
        120
      ],
      "z_series": [
        4.933833333333333,
        5.779825,
        6.335535714285715,
        6.768152777777777,
        7.239552083333333
      ],
      "z_slope_dlnN": 1.6655451727711008,
      "z_top": 7.239552083333333,
      "c4_series": [
        8.997375,
        11.487549999999999,
        12.97469642857143,
        14.173513888888888,
        15.4038125
      ],
      "c4_top": 15.4038125,
      "c4_nondecreasing": true,
      "post_density_series": [
        0.0023333333333333335,
        0.0006624999999999999,
        0.0003482142857142857,
        0.0002708333333333333,
        0.00016145833333333333
      ],