{
  "G0": {
    "grad_relerr": 9.204947082341874e-10,
    "hess_relerr": 1.0834052474595346e-07,
    "sparse_dense": 0.0,
    "pass": true
  },
  "G1": {
    "n_zero_unpinned": 3,
    "psd": true,
    "lambda_min_pinned": 0.013711929635238596,
    "pass": true
  },
  "G2": {
    "rel_diffs": [
      4.945866631945733e-16,
      2.102008124700113e-15
    ],
    "pass": true
  },
  "G3": {
    "seeds": [
      {
        "seed": 1001,
        "A": {
          "a4_fit": -6.2516686094699905,
          "a4_direct": -6.252012102619791,
          "relerr": 5.494121638954518e-05
        },
        "B": {
          "a4_fit": -3.358043171435418,
          "a4_direct": -3.358075555305928,
          "relerr": 9.64358007325517e-06
        },
        "ratio_BA": 0.5371435021921467
      },
      {
        "seed": 1002,
        "A": {
          "a4_fit": -6.441774538985984,
          "a4_direct": -6.44214116681878,
          "relerr": 5.6910866015098584e-05
        },
        "B": {
          "a4_fit": -3.374686958340547,
          "a4_direct": -3.3747199674549417,
          "relerr": 9.78128991829747e-06
        },
        "ratio_BA": 0.5238753604176536
      },
      {
        "seed": 1003,
        "A": {
          "a4_fit": -6.3823215436263085,
          "a4_direct": -6.3826699081432245,
          "relerr": 5.4579748276116356e-05
        },
        "B": {
          "a4_fit": -3.3924060947243166,
          "a4_direct": -3.39243833610431,
          "relerr": 9.503895664138365e-06
        },
        "ratio_BA": 0.5315316803667054
      }
    ],
    "poisson_mean_ratio": 0.5308501809921685,
    "cubic_ratio": 1.0,
    "max_fit_relerr": 5.6910866015098584e-05,
    "pass": true
  },
  "G4": {
    "delta_a4": [
      -4.691455557370716e-13,
      5.466738173254271e-13,
      2.3656770986590914e-12
    ],
    "mean": 8.14401786749149e-13,
    "sem": 8.29219225070234e-13,
    "pass": true
  },
  "all_pass": true,
  "_meta": {
    "campaign": "N5_SKYRME_RADIATIVO",
    "timestamp": "2026-07-02T13:09:48.644118+00:00",
    "python": "3.12.10",
    "numpy": "2.4.4",
    "platform": "Windows-11-10.0.26200-SP0"
  }
}