{
 "meta": {
  "base_seed": 20260703,
  "smoke": false,
  "rho": 8.0,
  "tx": 2.5,
  "Ls": [
   1.5,
   2.0,
   3.0
  ],
  "nseeds": 24,
  "windows": {
   "WH": [
    0.5,
    1.0
   ],
   "WM": [
    1.0,
    2.0
   ]
  },
  "alphas": [
   1.0,
   2.0
  ]
 },
 "verdicts": {
  "per_L": {
   "L1.5": {
    "nseeds": 24,
    "N": 452.75,
    "wrap_frac": 0.408121945699459,
    "max_pair_resid": 1.2543115634173592e-15,
    "WH": {
     "N_O": 0,
     "S_un": null,
     "S_a1": null,
     "S_a2": null
    },
    "WM": {
     "N_O": 71.33333333333333,
     "S_un": [
      42.004476269676594,
      0.7930595478084984
     ],
     "S_a1": [
      4.421215745482778,
      0.037840609513701474
     ],
     "S_a2": [
      14.313846632825431,
      0.20960039817616857
     ]
    },
    "S0_fullbox": 1.4218626276374675e-12
   },
   "L2.0": {
    "nseeds": 24,
    "N": 810.5,
    "wrap_frac": 0.40130949501981233,
    "max_pair_resid": 1.257147372429705e-15,
    "WH": {
     "N_O": 0,
     "S_un": null,
     "S_a1": null,
     "S_a2": null
    },
    "WM": {
     "N_O": 122.29166666666667,
     "S_un": [
      82.52137440411981,
      1.7216965361215273
     ],
     "S_a1": [
      6.779371364689648,
      0.07391170977956722
     ],
     "S_a2": [
      21.330550178378445,
      0.2028337122762467
     ]
    },
    "S0_fullbox": 3.564926132071464e-12
   },
   "L3.0": {
    "nseeds": 24,
    "N": 1777.125,
    "wrap_frac": 0.3891392762842077,
    "max_pair_resid": 8.474561287774166e-16,
    "WH": {
     "N_O": 73.125,
     "S_un": [
      47.98934231063115,
      1.7269057618793429
     ],
     "S_a1": [
      13.954314857678414,
      0.24709510731660664
     ],
     "S_a2": null
    },
    "WM": {
     "N_O": 278.4166666666667,
     "S_un": [
      229.57234755198388,
      2.363053311012363
     ],
     "S_a1": [
      13.033846113956955,
      0.07362693869049822
     ],
     "S_a2": [
      39.767512185999756,
      0.15564770871241887
     ]
    },
    "S0_fullbox": 1.6397105895294263e-11
   }
  },
  "M3_1": {
   "kappa_un": 2.4625581539090056,
   "se": 0.03632316902727176,
   "ratio_un_tr_L3": 17.613553631429813,
   "passa": true,
   "nota": "gate de reprodu\u00e7\u00e3o (Fase 0 \u00a75.1): falha = engenharia, n\u00e3o f\u00edsica"
  },
  "M3_2": {
   "kappa_a1": 1.5658198760865327,
   "se_a1": 0.024981775443600182,
   "class_a1": "SUB_AREA",
   "kappa_a2": 1.500170408955475,
   "se_a2": 0.03385779767128775,
   "class_a2": "SUB_AREA",
   "robustez_fraca": false,
   "veredito": "SUB_AREA"
  },
  "window_axis": {
   "razao_volume_prevista": 4.0,
   "razoes": {
    "L1.5": null,
    "L2.0": null,
    "L3.0": {
     "trunc_WM_WH": 0.9340369804530412,
     "untrunc_WM_WH": 4.783819416944299
    }
   },
   "nota": "volume \u21d2 ~4; \u00e1rea \u21d2 ~1 (localiza no canto); WH s\u00f3 acima do piso N_O \u2265 40 (\u21d2 L=3)"
  }
 },
 "runtime_s": 407.09803652763367
}