{
 "meta": {
  "base_seed": 20260703,
  "smoke": false,
  "rho": 4.0,
  "tx": 2.5,
  "Ls": [
   2.0,
   3.0
  ],
  "nseeds": 4,
  "ncfg": 3,
  "burn": 500,
  "spacing": 200,
  "J": [
   1.0,
   0.05
  ],
  "K_ir": 12,
  "c_clip": 0.2,
  "kres": 1.7951958020513104,
  "kmax": 2.221441469079183
 },
 "verdicts": {
  "cells": {
   "ord_L2.0": {
    "n_cfg": 12,
    "delta_q": [
     0.28491132585730305,
     0.030340966470129058
    ],
    "delta_cl": [
     0.26302679101584603,
     0.0658193025693837
    ],
    "ratio": 1.0832026834868642,
    "clip_frac": 0.0,
    "n_zeros": [
     0,
     0,
     0,
     0
    ],
    "trM_mean": 1.4241941650470782,
    "max_pair_resid": 1.1413363527157824e-15
   },
   "ord_L3.0": {
    "n_cfg": 12,
    "delta_q": [
     0.31250377435471427,
     0.02801854068282536
    ],
    "delta_cl": [
     0.23182629304108668,
     0.06502853759888452
    ],
    "ratio": 1.348008330958944,
    "clip_frac": 0.0,
    "n_zeros": [
     0,
     0,
     0,
     0
    ],
    "trM_mean": 1.1625061681413529,
    "max_pair_resid": 1.6939556638529836e-15
   },
   "dis_L2.0": {
    "n_cfg": 12,
    "delta_q": [
     0.3337616797345903,
     0.023465961057031356
    ],
    "delta_cl": [
     0.2087309616121993,
     0.018533095868777466
    ],
    "ratio": 1.5990041781855306,
    "clip_frac": 0.24583201857321157,
    "n_zeros": [
     0,
     0,
     0,
     0
    ],
    "trM_mean": -1.5480312045312574,
    "max_pair_resid": 1.0606890354641915e-15
   },
   "dis_L3.0": {
    "n_cfg": 12,
    "delta_q": [
     0.3496618160476772,
     0.02935229300430021
    ],
    "delta_cl": [
     0.20127603910023928,
     0.01936989634399296
    ],
    "ratio": 1.7372252435548923,
    "clip_frac": 0.24492228338570587,
    "n_zeros": [
     0,
     0,
     0,
     0
    ],
    "trM_mean": -2.8242845436303945,
    "max_pair_resid": 6.720905404616469e-16
   }
  },
  "M2_2": {
   "D3": false,
   "excede_3x": {
    "2.0": false,
    "3.0": false
   },
   "nao_decresce": true,
   "detalhe": {
    "L2.0": {
     "delta_q": 0.28491132585730305,
     "delta_cl": 0.26302679101584603,
     "gap_3x": -0.504169047190235,
     "sig": 0.1997753727635672
    },
    "L3.0": {
     "delta_q": 0.31250377435471427,
     "delta_cl": 0.23182629304108668,
     "gap_3x": -0.38297510476854574,
     "sig": 0.19708737895218198
    }
   },
   "robustez_x4": {
    "delta_q_x4": 0.4225310581714374,
    "sem": 0.03221431790741344,
    "excede_3x_x4": false,
    "consistente": true
   }
  },
  "M2_1": {
   "c_goldstone_e2": [
    0.8428932359176148,
    0.0052673777952195,
    12
   ],
   "c_goldstone_e1p": [
    0.8141268577571815,
    0.005573012627408501,
    12
   ],
   "c_scalar_e2": [
    0.8062079855325446,
    0.0058508300497527605,
    4
   ],
   "abs_dev_vs_scalar": 0.0366852503850702,
   "abs_dev_e2_e1p": 0.02876637816043326,
   "passa": true,
   "sanidade_c1": {
    "gold": 0.15710676408238522,
    "scalar": 0.19379201446745542
   }
  },
  "Q2_forte": {
   "min_gap_rel": 0.0008650281271636967,
   "degenerescencia_exata": false,
   "nota": "esperado: nenhuma (Poisson sem simetria); Axioma 2 = postulado"
  }
 },
 "runtime_s": 1683.6144487857819
}