{
 "meta": {
  "base_seed": 20260703,
  "smoke": true,
  "rho": 8.0,
  "tx": 2.5,
  "Ls": [
   1.5
  ],
  "nseeds": 2,
  "windows": {
   "WH": [
    0.5,
    1.0
   ],
   "WM": [
    1.0,
    2.0
   ]
  },
  "alphas": [
   1.0,
   2.0
  ]
 },
 "verdicts": {
  "per_L": {
   "L1.5": {
    "nseeds": 2,
    "N": 439.5,
    "wrap_frac": 0.3930673807899701,
    "max_pair_resid": 7.903666719410464e-16,
    "WH": {
     "N_O": 0,
     "S_un": null,
     "S_a1": null,
     "S_a2": null
    },
    "WM": {
     "N_O": 64.0,
     "S_un": [
      39.22559867494119,
      2.0005076026429904
     ],
     "S_a1": [
      4.612591042260551,
      0.09140159116197742
     ],
     "S_a2": [
      14.768025006554712,
      1.3117188461828337
     ]
    },
    "S0_fullbox": 1.4218626276374675e-12
   }
  },
  "M3_1": {
   "kappa_un": NaN,
   "se": NaN,
   "ratio_un_tr_L3": 8.50402698083492,
   "passa": false,
   "nota": "gate de reprodu\u00e7\u00e3o (Fase 0 \u00a75.1): falha = engenharia, n\u00e3o f\u00edsica"
  },
  "M3_2": {
   "kappa_a1": NaN,
   "se_a1": NaN,
   "class_a1": "SUB_AREA",
   "kappa_a2": NaN,
   "se_a2": NaN,
   "class_a2": "SUB_AREA",
   "robustez_fraca": false,
   "veredito": "SUB_AREA"
  },
  "window_axis": {
   "razao_volume_prevista": 4.0,
   "razoes": {
    "L1.5": null
   },
   "nota": "volume \u21d2 ~4; \u00e1rea \u21d2 ~1 (localiza no canto); WH s\u00f3 acima do piso N_O \u2265 40 (\u21d2 L=3)"
  }
 },
 "runtime_s": 2.2185449600219727
}