{
 "meta": {
  "base_seed": 20260702,
  "smoke": false,
  "T2": 1.0,
  "LX2": 4.0,
  "sizes2": [
   1024,
   2048,
   4096
  ],
  "sizes4": [
   2000,
   4000,
   8000
  ],
  "rho4": 8.0,
  "m2_ctrl": 4.71238898038469,
  "eps_bd": 0.25,
  "nseeds": 12
 },
 "verdicts": {
  "M1_1": {
   "passa": true,
   "max_pair_resid": 1.908562293374928e-15,
   "drifts": {
    "d2:1024->2048": 0.001452261860378723,
    "d2:2048->4096": 0.0006667103845188205,
    "d4:2000->4000": -0.021709185932237973,
    "d4:4000->8000": -0.019958886473187887
   },
   "D1": false
  },
  "M1_2_d2_e2": {
   "c": 0.9584900062039927,
   "sem": 0.0002452527607865838,
   "n": 36
  },
  "M1_2_d2_e1": {
   "c": 0.9646993423535817,
   "sem": 0.00023053685774695697,
   "n": 36
  },
  "M1_2_d2": {
   "passa": false,
   "D2": false
  },
  "M1_2_d4": {
   "c": 0.9037488864700496,
   "npts": 2,
   "ridge": {
    "2.3702": [
     2.1573440188248334,
     0.0024906680061678823
    ],
    "2.5470": [
     2.287630556394902,
     NaN
    ]
   },
   "passa": true
  },
  "M1_3_d2_e2": {
   "m": 4.6229559235754865,
   "sem": 0.008763842800830438,
   "n": 12,
   "m_in": 4.71238898038469,
   "dev": -0.018978284089337327
  },
  "M1_3_d2_e1": {
   "m": 4.632776919525706,
   "sem": 0.008282983625924117,
   "n": 12,
   "m_in": 4.71238898038469,
   "dev": -0.016894204020586723
  },
  "M1_3_d2": {
   "passa": true
  },
  "M1_3_d4": {
   "m": 1.1585959953828942,
   "m_in": 2.370206175042077,
   "c_fixed": 0.9037488864700496,
   "npts": 2,
   "gated": false
  },
  "M1_4": {
   "d2_N1024": {
    "slope": -1.0379899660320813,
    "bend_n": [
     303,
     null,
     316,
     null,
     null,
     null,
     null,
     287,
     309,
     null,
     null,
     null
    ],
    "kernel_frac": 0.0048828125
   },
   "d2_N2048": {
    "slope": -1.0365377041717025,
    "bend_n": [
     null,
     null,
     null,
     null,
     null,
     null,
     null,
     null,
     null,
     null,
     null,
     null
    ],
    "kernel_frac": 0.0029296875
   },
   "d2_N4096": {
    "slope": -1.0358709937871837,
    "bend_n": [
     null,
     null,
     null,
     null,
     null,
     null,
     null,
     null,
     null,
     null,
     null,
     null
    ],
    "kernel_frac": 0.0019938151041666665
   },
   "d4_N2000": {
    "slope": -0.3140617202171324,
    "bend_n": [
     164,
     null,
     213,
     null,
     null,
     195,
     null,
     null,
     null,
     null,
     null,
     null
    ],
    "kernel_frac": 0.0
   },
   "d4_N4000": {
    "slope": -0.3357709061493704,
    "bend_n": [
     null,
     null,
     null,
     null,
     null,
     null,
     null,
     null,
     null,
     null,
     null,
     null
    ],
    "kernel_frac": 0.0
   },
   "d4_N8000": {
    "slope": -0.35572979262255827,
    "bend_n": [
     null,
     null,
     null,
     null,
     null,
     null,
     null,
     null,
     null,
     null,
     null,
     null
    ],
    "kernel_frac": 0.0
   }
  },
  "BD_check": {
   "c_bd": 0.7967272046220851,
   "sem": 0.03792982010814338,
   "n": 12,
   "consistent": false
  },
  "D1": false,
  "D2": false,
  "PASSA_FASE1": false
 },
 "runtime_s": 21417.803040504456
}