{
 "meta": {
  "base_seed": 20260702,
  "smoke": true,
  "T2": 1.0,
  "LX2": 4.0,
  "sizes2": [
   512
  ],
  "sizes4": [
   1000
  ],
  "rho4": 8.0,
  "m2_ctrl": 4.71238898038469,
  "eps_bd": 0.25,
  "nseeds": 2
 },
 "verdicts": {
  "M1_1": {
   "passa": true,
   "max_pair_resid": 1.0141486230654679e-15,
   "drifts": {},
   "D1": false
  },
  "M1_2_d2_e2": {
   "c": 0.9573133400505351,
   "sem": 0.0017987069845626922,
   "n": 2
  },
  "M1_2_d2_e1": null,
  "M1_2_d2": {
   "passa": false,
   "D2": false
  },
  "M1_3_d2_e2": {
   "m": 4.751432690358813,
   "sem": 0.10835135597767875,
   "n": 2,
   "m_in": 4.71238898038469,
   "dev": 0.008285332585370675
  },
  "M1_3_d2_e1": null,
  "M1_3_d2": {
   "passa": false
  },
  "M1_4": {
   "d2_N512": {
    "slope": -1.0453843816470791,
    "bend_n": [
     null,
     null
    ],
    "kernel_frac": 0.01171875
   },
   "d4_N1000": {
    "slope": -0.32145351434122893,
    "bend_n": [
     null,
     null
    ],
    "kernel_frac": 0.0
   }
  },
  "BD_check": {
   "c_bd": 0.9489750744077343,
   "sem": 0.02580733177494937,
   "n": 2,
   "consistent": true
  },
  "D1": false,
  "D2": false,
  "PASSA_FASE1": false
 },
 "runtime_s": 84.64219093322754
}