{
 "meta": {
  "base_seed": 20260702,
  "L": 1.0,
  "sizes": [
   256,
   512
  ],
  "nseeds": 2,
  "ell": 0.5,
  "eps_centre": -0.063,
  "m_in": 6.664324407237548,
  "smoke": true
 },
 "t0_S_full_diamond": 1.7890133818810506e-12,
 "rows": [
  {
   "N": 256,
   "seed": 0,
   "g1": {
    "pair_resid": 3.0189629801325944e-16,
    "slope": -1.0377014155055155,
    "amp_l1_4pi_N": 2.888300155518504
   },
   "g2": {
    "R2": NaN,
    "npairs": 29
   },
   "g4": {
    "Nl": 72,
    "S_untrunc": 19.2986674518685,
    "imax_untrunc": 4.160684037805519e-15,
    "nkill": 2,
    "S_trunc": 1.6782661196945554,
    "imax_trunc": 2.1835341506913675e-16,
    "n1": 60,
    "n2": 24
   }
  },
  {
   "N": 256,
   "seed": 1,
   "g1": {
    "pair_resid": 1.857342608387857e-16,
    "slope": -1.037948310886901,
    "amp_l1_4pi_N": 2.8168215833663917
   },
   "g2": {
    "R2": NaN,
    "npairs": 6
   },
   "g4": {
    "Nl": 67,
    "S_untrunc": 14.614227604374836,
    "imax_untrunc": 1.3164096879007523e-15,
    "nkill": 7,
    "S_trunc": 1.5972488228004018,
    "imax_trunc": 2.2090057712763359e-16,
    "n1": 60,
    "n2": 22
   }
  },
  {
   "N": 512,
   "seed": 0,
   "g1": {
    "pair_resid": 6.510941079886429e-16,
    "slope": -1.0114766274569915,
    "amp_l1_4pi_N": 2.678467256279847
   },
   "g2": {
    "R2": NaN,
    "npairs": 90
   },
   "g4": {
    "Nl": 126,
    "S_untrunc": 32.64080311288778,
    "imax_untrunc": 2.647325337486925e-15,
    "nkill": 6,
    "S_trunc": 1.8766120248253484,
    "imax_trunc": 5.661360655957179e-16,
    "n1": 88,
    "n2": 34
   }
  },
  {
   "N": 512,
   "seed": 1,
   "g1": {
    "pair_resid": 1.2919363318603148e-16,
    "slope": -1.007682434754787,
    "amp_l1_4pi_N": 2.699721659647345
   },
   "g2": {
    "R2": NaN,
    "npairs": 144
   },
   "g4": {
    "Nl": 135,
    "S_untrunc": 35.8516154907975,
    "imax_untrunc": 2.6610288692959385e-15,
    "nkill": 5,
    "S_trunc": 1.9322722994538837,
    "imax_trunc": 3.4307024128175927e-16,
    "n1": 88,
    "n2": 34
   }
  }
 ],
 "g3_rows": [],
 "verdicts": {
  "G1": true,
  "G1_detail": {
   "max_pair_resid": 6.510941079886429e-16,
   "slope_mean": -1.0237021971510487,
   "slope_sem": 0.008190580019590641
  },
  "G2": false,
  "G2_detail": {
   "256": {
    "R2_pooled": NaN,
    "pooled": {
     "R2": NaN,
     "npairs": 35
    },
    "R2_perseed_mean": null,
    "nseeds": 0
   },
   "512": {
    "R2_pooled": NaN,
    "pooled": {
     "R2": NaN,
     "nbins": 0,
     "npairs": 234
    },
    "R2_perseed_mean": null,
    "nseeds": 0
   }
  },
  "G4": false,
  "G4_detail": {
   "ratio_vol": 2.019657080001369,
   "r2_lin": 0.9824723949488935,
   "r2_log": 0.9857552493114253,
   "slope_trunc": 0.8600776577219791,
   "se_slope": 0.08948201974615454,
   "b_trunc": 1.988836920843808,
   "target": 0.3333333333333333,
   "tol": 0.2684460592384636
  },
  "overall": "1/3",
  "VERDE": false
 },
 "runtime_s": 4.109025001525879
}