{
  "campaign": "N1_CONTROLE_SU4",
  "stage": "su4_suite",
  "config": {
    "Js": [
      0.05,
      0.1,
      0.2,
      0.3,
      0.4,
      0.5,
      0.7,
      1.0,
      2.0
    ],
    "gauge_betas": [
      8.0,
      10.7
    ]
  },
  "graph": {
    "n": 1303.5,
    "links": 28874.0,
    "avgdeg": 44.29111915646962
  },
  "ordering": {
    "0.05": {
      "m": 0.028425242729034562,
      "m2": 0.0008079944242045322,
      "chi": 0.016848911267851693,
      "binder": 0.6454195488524239,
      "tau_int_max": 0.6195108122773011,
      "ess_min": 96.85060988595502,
      "C_long": -4.5469992409300125e-05,
      "winner": "insufficient"
    },
    "0.1": {
      "m": 0.02954656864877666,
      "m2": 0.0008729997189168718,
      "chi": 0.01845005883227859,
      "binder": 0.6452035116418116,
      "tau_int_max": 0.7898679084051766,
      "ess_min": 75.96206829208454,
      "C_long": -0.0001532265435653282,
      "winner": "insufficient"
    },
    "0.2": {
      "m": 0.03253243447633914,
      "m2": 0.0010583592929572995,
      "chi": 0.019137694818711505,
      "binder": 0.6482332950014189,
      "tau_int_max": 0.5088793281881817,
      "ess_min": 117.90614528128802,
      "C_long": -8.54757605983259e-05,
      "winner": "insufficient"
    },
    "0.3": {
      "m": 0.03620288013762731,
      "m2": 0.0013106485302594101,
      "chi": 0.024791011611216968,
      "binder": 0.6479878427281605,
      "tau_int_max": 0.7231478764897201,
      "ess_min": 82.97058174498135,
      "C_long": -5.296447119519525e-05,
      "winner": "insufficient"
    },
    "0.4": {
      "m": 0.04217738034099871,
      "m2": 0.0017789314124292644,
      "chi": 0.037856661342276644,
      "binder": 0.6447478462458647,
      "tau_int_max": 0.8076160044469071,
      "ess_min": 74.29273277105348,
      "C_long": 0.00010698464209502398,
      "winner": "insufficient"
    },
    "0.5": {
      "m": 0.052968645447697436,
      "m2": 0.0028056774005638784,
      "chi": 0.05486993149330203,
      "binder": 0.6467898833787153,
      "tau_int_max": 1.5011369579471145,
      "ess_min": 39.969704084864595,
      "C_long": 0.00020673460280197257,
      "winner": "insufficient"
    },
    "0.7": {
      "m": 0.573332573249423,
      "m2": 0.32871023954880496,
      "chi": 0.028401492547892287,
      "binder": 0.6665776452684795,
      "tau_int_max": 14.664064726596141,
      "ess_min": 4.091634967430163,
      "C_long": 0.313537551547756,
      "winner": "const"
    },
    "1.0": {
      "m": 0.7471699969159042,
      "m2": 0.5582630042913124,
      "chi": 0.02992992617021023,
      "binder": 0.666610131670338,
      "tau_int_max": 24.41738904439712,
      "ess_min": 2.4572651846970412,
      "C_long": 0.5408770123396367,
      "winner": "const"
    },
    "2.0": {
      "m": 0.8704191656984825,
      "m2": 0.7576295240152424,
      "chi": 0.06898120003496339,
      "binder": 0.6665723356719659,
      "tau_int_max": 24.432368455189696,
      "ess_min": 2.455758642885699,
      "C_long": 0.7460793865561649,
      "winner": "const"
    }
  },
  "chi_peak_J": 2.0,
  "lro_Js": [
    0.7,
    1.0,
    2.0
  ],
  "mermin_rel": {
    "0.7": 0.04615824569954181,
    "1.0": 0.0311430129133245,
    "2.0": 0.015245099475354055
  },
  "goldstone": {
    "expected": 15,
    "found": 15
  },
  "topology": {
    "ladder": {
      "15": {
        "B_su3": 0.7946783588039198,
        "B_su4": 0.7946783588039198,
        "diff": 0.0
      },
      "21": {
        "B_su3": 0.8920807604551417,
        "B_su4": 0.8920807604551417,
        "diff": 0.0
      },
      "31": {
        "B_su3": 0.9506826098797992,
        "B_su4": 0.9506826098797992,
        "diff": 0.0
      }
    },
    "B_anti_L21": -0.8920807604551417,
    "check_note": "corrected to FL1 ladder protocol; see RESULTADO"
  },
  "gauge": {
    "8.0": {
      "beta": 8.0,
      "loops": {
        "(1, 1)": 0.25630391955636317,
        "(1, 2)": 0.06676400127642719,
        "(1, 3)": 0.019029324372248628,
        "(2, 1)": 0.06706355181010458,
        "(2, 2)": 0.0034439547006105504,
        "(2, 3)": 0.0004507083992286742,
        "(3, 1)": 0.01627115381206491,
        "(3, 2)": 0.0017058795633654654,
        "(3, 3)": 0.000772637508101959
      },
      "V_r": [
        1.300191374359264,
        2.9690202709494216
      ],
      "r": [
        1.0,
        2.0
      ],
      "creutz22": 1.6238203770852573,
      "V_increases": true,
      "acc_step": 0.21651300000000004
    },
    "10.7": {
      "beta": 10.7,
      "loops": {
        "(1, 1)": 0.4047259331908085,
        "(1, 2)": 0.1649574787423841,
        "(1, 3)": 0.06612118858595813,
        "(2, 1)": 0.1644247108878231,
        "(2, 2)": 0.028732162294730978,
        "(2, 3)": 0.004063933233107546,
        "(3, 1)": 0.06631706784428766,
        "(3, 2)": 0.005686367141023229,
        "(3, 3)": 0.001016371947112543
      },
      "V_r": [
        0.9058604404399777,
        1.850150749791738,
        2.456375717168933
      ],
      "r": [
        1.0,
        2.0,
        3.0
      ],
      "creutz22": 0.8469132543282119,
      "V_increases": true,
      "acc_step": 0.15783797700000002
    }
  },
  "checks": {
    "orders_with_LRO": true,
    "disordered_low_J": true,
    "mermin": true,
    "goldstone_15": true,
    "topology_B": true,
    "confinement_strong": true,
    "sigma_decreasing": true
  },
  "verdict": "A -- SU(4) works the same: SU(3) is HOSTED, not selected",
  "runtime_s": 531.1217248439789
}