{
  "config": {
    "K0_BAR": 2.5,
    "P": 8,
    "T": 10,
    "As": [
      0.0,
      0.75,
      1.5,
      2.25
    ],
    "volumes": [
      1500,
      3000,
      6000
    ],
    "n_snap": 10,
    "Js": [
      0.13,
      0.16,
      0.18,
      0.2,
      0.22,
      0.25
    ]
  },
  "by_A": {
    "0.0": {
      "x": 0.297660882442249,
      "Jc_per_size": [
        0.22,
        0.18,
        0.18
      ],
      "Jc_drift": -0.04000000000000001,
      "chi_max": [
        1.4034286144392716,
        1.8492535232446758,
        2.1106517660134805
      ],
      "N0": [
        261.9,
        510.7,
        1027.6
      ]
    },
    "0.75": {
      "x": 0.6259512778139106,
      "Jc_per_size": [
        0.22,
        0.18,
        0.2
      ],
      "Jc_drift": -0.01999999999999999,
      "chi_max": [
        1.4378605077437532,
        1.9458644792088406,
        3.364321685981115
      ],
      "N0": [
        268.3,
        522.4,
        1045.9
      ]
    },
    "1.5": {
      "x": 0.3846521485438964,
      "Jc_per_size": [
        0.22,
        0.18,
        0.18
      ],
      "Jc_drift": -0.04000000000000001,
      "chi_max": [
        1.1076876341987267,
        1.714802087124728,
        1.856182663626333
      ],
      "N0": [
        278.0,
        527.6,
        1051.3
      ]
    },
    "2.25": {
      "x": 0.49628155191849116,
      "Jc_per_size": [
        0.22,
        0.18,
        0.16
      ],
      "Jc_drift": -0.06,
      "chi_max": [
        1.235219697242623,
        1.4749882401800343,
        2.3332530193965675
      ],
      "N0": [
        291.9,
        546.9,
        1055.9
      ]
    }
  },
  "analysis": {
    "x_vs_A": [
      [
        0.0,
        0.297660882442249
      ],
      [
        0.75,
        0.6259512778139106
      ],
      [
        1.5,
        0.3846521485438964
      ],
      [
        2.25,
        0.49628155191849116
      ]
    ],
    "x_slope_per_A": 0.047275050554495004,
    "x_monotonic_up": false,
    "Jc_drift_vs_A": [
      [
        0.0,
        -0.04000000000000001
      ],
      [
        0.75,
        -0.01999999999999999
      ],
      [
        1.5,
        -0.04000000000000001
      ],
      [
        2.25,
        -0.06
      ]
    ],
    "Jc_drift_shrinks_with_A": false,
    "x_at_equilibrium_A0": 0.297660882442249,
    "x_at_max_A": 0.49628155191849116
  },
  "verdict": "AINDA_AMBIGUO",
  "runtime_s": 10639.5
}