{
  "config": {
    "K0_BAR": 2.5,
    "P": 8,
    "T": 10,
    "As": [
      0.0,
      1.5
    ],
    "volumes": [
      1200,
      2400
    ],
    "n_snap": 5,
    "Js": [
      0.14,
      0.18,
      0.22,
      0.27
    ]
  },
  "by_A": {
    "0.0": {
      "x": 1.0177037758083736,
      "Jc_per_size": [
        0.22,
        0.22
      ],
      "Jc_drift": 0.0,
      "chi_max": [
        0.9409430093757213,
        1.882827924464633
      ],
      "N0": [
        217.4,
        429.8
      ]
    },
    "1.5": {
      "x": 0.42364441374375744,
      "Jc_per_size": [
        0.27,
        0.22
      ],
      "Jc_drift": -0.05000000000000002,
      "chi_max": [
        1.1288979188031651,
        1.484959208836427
      ],
      "N0": [
        235.6,
        450.0
      ]
    }
  },
  "analysis": {
    "x_vs_A": [
      [
        0.0,
        1.0177037758083736
      ],
      [
        1.5,
        0.42364441374375744
      ]
    ],
    "x_slope_per_A": -0.39603957470974405,
    "x_monotonic_up": false,
    "Jc_drift_vs_A": [
      [
        0.0,
        0.0
      ],
      [
        1.5,
        -0.05000000000000002
      ]
    ],
    "Jc_drift_shrinks_with_A": false,
    "x_at_equilibrium_A0": 1.0177037758083736,
    "x_at_max_A": 0.42364441374375744
  },
  "verdict": "AINDA_AMBIGUO",
  "runtime_s": 425.9
}