{
  "config": {
    "K0_BAR": 2.5,
    "A": 1.5,
    "T": 10,
    "Vt": 600,
    "Ps": [
      4,
      12,
      32
    ],
    "seeds": [
      301
    ]
  },
  "runs": [
    {
      "P": 4,
      "Vt": 600,
      "n_cycles": 80,
      "seed": 301,
      "runtime_s": 23.7,
      "manifold_ok": true,
      "burn_cycles": 26,
      "hyst_z": {
        "n_cycles_used": 54,
        "mean_area": -0.16626123500674309,
        "sem_area": 0.022253440680728667,
        "area_over_sem": 7.471259720782154,
        "frac_envelope": 0.0483304957229888,
        "k0_range": 3.0,
        "resp_range": 1.146696528555431
      },
      "hyst_N0": {
        "n_cycles_used": 54,
        "mean_area": 11.61111111111078,
        "sem_area": 1.0499963950111635,
        "area_over_sem": 11.058239024703825,
        "frac_envelope": 0.0967592592592565,
        "k0_range": 3.0,
        "resp_range": 40.0
      },
      "flux": {
        "flux26_by_phase": [
          15.907407407407407,
          -8.222222222222221,
          -7.851851851851852,
          0.1111111111111111
        ],
        "flux23_by_phase": [
          0.5370370370370371,
          -0.8333333333333334,
          -0.18518518518518517,
          0.8888888888888888
        ],
        "net26_total_per_sweep": -0.013888888888888888,
        "net23_total_per_sweep": 0.10185185185185185
      }
    },
    {
      "P": 12,
      "Vt": 600,
      "n_cycles": 40,
      "seed": 301,
      "runtime_s": 31.9,
      "manifold_ok": true,
      "burn_cycles": 13,
      "hyst_z": {
        "n_cycles_used": 27,
        "mean_area": -0.4313724641479628,
        "sem_area": 0.09441275176070747,
        "area_over_sem": 4.5690063694075125,
        "frac_envelope": 0.0965487356412248,
        "k0_range": 3.0,
        "resp_range": 1.4893081761006286
      },
      "hyst_N0": {
        "n_cycles_used": 27,
        "mean_area": 20.79807415526247,
        "sem_area": 2.2501611518683373,
        "area_over_sem": 9.24292650683866,
        "frac_envelope": 0.14148349765484672,
        "k0_range": 3.0,
        "resp_range": 49.0
      },
      "flux": {
        "flux26_by_phase": [
          5.148148148148148,
          -1.0740740740740742,
          -6.481481481481482,
          -6.222222222222222,
          -6.481481481481482,
          -4.185185185185185,
          -3.5185185185185186,
          -1.1851851851851851,
          0.0,
          5.444444444444445,
          9.481481481481481,
          9.185185185185185
        ],
        "flux23_by_phase": [
          -1.2222222222222223,
          -0.2962962962962963,
          -1.0,
          -1.2592592592592593,
          -0.07407407407407407,
          -0.2962962962962963,
          -0.14814814814814814,
          1.7407407407407407,
          1.0740740740740742,
          0.2962962962962963,
          0.8148148148148148,
          -0.2222222222222222
        ],
        "net26_total_per_sweep": 0.009259259259259259,
        "net23_total_per_sweep": -0.04938271604938271
      }
    },
    {
      "P": 32,
      "Vt": 600,
      "n_cycles": 18,
      "seed": 301,
      "runtime_s": 37.5,
      "manifold_ok": true,
      "burn_cycles": 6,
      "hyst_z": {
        "n_cycles_used": 12,
        "mean_area": 0.012951233151404784,
        "sem_area": 0.13634735406521292,
        "area_over_sem": 0.09498705156544807,
        "frac_envelope": 0.003420004981823331,
        "k0_range": 3.0,
        "resp_range": 1.2623015873015877
      },
      "hyst_N0": {
        "n_cycles_used": 12,
        "mean_area": -18.212148260966867,
        "sem_area": 2.637503856734682,
        "area_over_sem": 6.905069812301285,
        "frac_envelope": 0.11242066827757326,
        "k0_range": 3.0,
        "resp_range": 54.0
      },
      "flux": {
        "flux26_by_phase": [
          -3.0833333333333335,
          -2.25,
          -3.0833333333333335,
          -2.0,
          -3.75,
          -3.4166666666666665,
          -3.6666666666666665,
          -2.4166666666666665,
          -3.5,
          -1.0,
          -3.25,
          -0.5833333333333334,
          -1.8333333333333333,
          -2.0833333333333335,
          -0.08333333333333333,
          -1.9166666666666667,
          0.25,
          1.0,
          -0.5833333333333334,
          1.1666666666666667,
          2.1666666666666665,
          1.4166666666666667,
          5.333333333333333,
          2.6666666666666665,
          4.833333333333333,
          4.583333333333333,
          7.166666666666667,
          3.5833333333333335,
          2.0,
          -1.0833333333333333,
          3.0833333333333335,
          -0.3333333333333333
        ],
        "flux23_by_phase": [
          -1.9166666666666667,
          -1.5833333333333333,
          -0.16666666666666666,
          -2.6666666666666665,
          0.75,
          -3.5833333333333335,
          -1.3333333333333333,
          0.8333333333333334,
          -2.5,
          -1.75,
          -1.4166666666666667,
          -0.6666666666666666,
          0.3333333333333333,
          0.3333333333333333,
          -1.5,
          1.25,
          0.6666666666666666,
          1.1666666666666667,
          0.25,
          0.0,
          0.9166666666666666,
          2.3333333333333335,
          -0.08333333333333333,
          2.9166666666666665,
          1.9166666666666667,
          -0.16666666666666666,
          2.5,
          1.5,
          1.25,
          -1.4166666666666667,
          0.8333333333333334,
          -0.08333333333333333
        ],
        "net26_total_per_sweep": -0.020833333333333332,
        "net23_total_per_sweep": -0.033854166666666664
      }
    }
  ],
  "by_P": {
    "4": {
      "mean_area": -0.16626123500674309,
      "significant": true,
      "sign_consistent": true,
      "frac_envelope": 0.0483304957229888
    },
    "12": {
      "mean_area": -0.4313724641479628,
      "significant": true,
      "sign_consistent": true,
      "frac_envelope": 0.0965487356412248
    },
    "32": {
      "mean_area": 0.012951233151404784,
      "significant": false,
      "sign_consistent": true,
      "frac_envelope": 0.003420004981823331
    }
  },
  "gate2_pass": true,
  "adiabatic_death": false,
  "frac_envelope_vs_P": {
    "4": 0.0483304957229888,
    "12": 0.0965487356412248,
    "32": 0.003420004981823331
  },
  "decays_with_P": true,
  "runtime_s": 93.1
}