{
  "config": {
    "K0_BAR": 2.5,
    "A": 1.5,
    "P": 8,
    "T": 10,
    "volumes": [
      1500,
      3000,
      6000
    ],
    "n_snapshots": 10,
    "Js": [
      0.1,
      0.13,
      0.16,
      0.18,
      0.2,
      0.22,
      0.25,
      0.28
    ],
    "substrate": "NESS-driven stroboscopic"
  },
  "A_reproduction": {
    "k0": 2.5,
    "rows": [
      {
        "J": 2.0,
        "N0_mean": 282.5,
        "z_mean": 13.160806437532136,
        "m": 0.9370060591752962,
        "m_sem": 0.0006699251018323278,
        "m2": 0.8780090547000132,
        "U4": 0.6666232144671116,
        "chi": 0.008107684684444394,
        "random_floor": 0.059496411730872965,
        "n_seeds": 10,
        "corr": {
          "r": [
            0,
            1,
            2,
            3,
            4,
            5,
            6
          ],
          "C": [
            1.0,
            0.9207090603189787,
            0.8893885822205072,
            0.8665558850779304,
            0.8637116280837317,
            0.8589454842552209,
            0.8317044579138753
          ],
          "winner": "const",
          "C_long": 0.8552293638326895,
          "xi_g": 69.96171928603883,
          "xi_g_over_Lg": 10.66238408618224,
          "L_g": 6.561545590606204
        },
        "Vt": 1500
      },
      {
        "J": 2.0,
        "N0_mean": 529.5,
        "z_mean": 13.719305111775295,
        "m": 0.9361781358831383,
        "m_sem": 0.0007168246331119589,
        "m2": 0.8764469847840752,
        "U4": 0.6666401365225472,
        "chi": 0.009257078237998373,
        "random_floor": 0.04345772804156318,
        "n_seeds": 10,
        "corr": {
          "r": [
            0,
            1,
            2,
            3,
            4,
            5,
            6
          ],
          "C": [
            1.0,
            0.930271326547837,
            0.9035195024915385,
            0.8863838704712536,
            0.8844164930776145,
            0.8795596100371151,
            0.8463815619393317
          ],
          "winner": "const",
          "C_long": 0.8741853838813287,
          "xi_g": 72.26288925842879,
          "xi_g_over_Lg": 8.93223211708656,
          "L_g": 8.090126668360572
        },
        "Vt": 3000
      },
      {
        "J": 2.0,
        "N0_mean": 1052.7,
        "z_mean": 13.628708709109564,
        "m": 0.924865566042903,
        "m_sem": 0.002054244845492146,
        "m2": 0.8554321080176528,
        "U4": 0.6665802117176796,
        "chi": 0.058733044550682824,
        "random_floor": 0.03082106834640047,
        "n_seeds": 10,
        "corr": {
          "r": [
            0,
            1,
            2,
            3,
            4,
            5,
            6,
            7
          ],
          "C": [
            1.0,
            0.9338708368035724,
            0.908149491563212,
            0.8854349761726361,
            0.8715718138923285,
            0.8643402027376137,
            0.8388683732053799,
            0.8536176572536414
          ],
          "winner": "const",
          "C_long": 0.8570995117722409,
          "xi_g": 72.91126649503278,
          "xi_g_over_Lg": 7.1673690638908845,
          "L_g": 10.17266808016889
        },
        "Vt": 6000
      }
    ],
    "m_trend": -0.010035356415271195,
    "above_floor": true,
    "all_plateau": true,
    "verdict": "REPRODUZ_LRO"
  },
  "B_universality": {
    "k0": 2.5,
    "per_size": {
      "1500": {
        "scan": [
          {
            "J": 0.1,
            "N0_mean": 282.5,
            "z_mean": 13.160806437532136,
            "m": 0.07653494912193202,
            "m_sem": 0.0011457762593838155,
            "m2": 0.006947986032487434,
            "U4": 0.44592543094252013,
            "chi": 0.3080344956978758,
            "random_floor": 0.059496411730872965,
            "n_seeds": 10
          },
          {
            "J": 0.13,
            "N0_mean": 282.5,
            "z_mean": 13.160806437532136,
            "m": 0.09361754370234385,
            "m_sem": 0.0027666874673378263,
            "m2": 0.01010395489546362,
            "U4": 0.47904388526590547,
            "chi": 0.37846818986544906,
            "random_floor": 0.059496411730872965,
            "n_seeds": 10
          },
          {
            "J": 0.16,
            "N0_mean": 282.5,
            "z_mean": 13.160806437532136,
            "m": 0.12302773416806434,
            "m_sem": 0.0040107123879086805,
            "m2": 0.0172666584450117,
            "U4": 0.5003121004096489,
            "chi": 0.6019609074116712,
            "random_floor": 0.059496411730872965,
            "n_seeds": 10
          },
          {
            "J": 0.18,
            "N0_mean": 282.5,
            "z_mean": 13.160806437532136,
            "m": 0.1600425675212638,
            "m_sem": 0.005186159269306218,
            "m2": 0.0288908845447573,
            "U4": 0.5199041337711041,
            "chi": 0.9258262680834215,
            "random_floor": 0.059496411730872965,
            "n_seeds": 10
          },
          {
            "J": 0.2,
            "N0_mean": 282.5,
            "z_mean": 13.160806437532136,
            "m": 0.23007854298486552,
            "m_sem": 0.003638181032040752,
            "m2": 0.056059936911715645,
            "U4": 0.5959973834034645,
            "chi": 0.8824737739337627,
            "random_floor": 0.059496411730872965,
            "n_seeds": 10,
            "corr": {
              "r": [
                0,
                1,
                2,
                3,
                4,
                5
              ],
              "C": [
                1.0,
                0.2075315187465604,
                0.10673712945361026,
                0.05895430214446043,
                0.049964347993270014,
                0.04147194054554029
              ],
              "winner": "power",
              "C_long": 0.05013019689442358,
              "xi_g": 3.331657593387444,
              "xi_g_over_Lg": 0.5077550018332861,
              "L_g": 6.561545590606204
            }
          },
          {
            "J": 0.22,
            "N0_mean": 282.5,
            "z_mean": 13.160806437532136,
            "m": 0.29249887374190336,
            "m_sem": 0.013700007283259295,
            "m2": 0.09047779940394601,
            "U4": 0.6107633115557705,
            "chi": 1.3905238344851047,
            "random_floor": 0.059496411730872965,
            "n_seeds": 10
          },
          {
            "J": 0.25,
            "N0_mean": 282.5,
            "z_mean": 13.160806437532136,
            "m": 0.3980841534708806,
            "m_sem": 0.005293887114165809,
            "m2": 0.16124377385393213,
            "U4": 0.6454313061036614,
            "chi": 0.7833105221285207,
            "random_floor": 0.059496411730872965,
            "n_seeds": 10
          },
          {
            "J": 0.28,
            "N0_mean": 282.5,
            "z_mean": 13.160806437532136,
            "m": 0.48085847010408544,
            "m_sem": 0.0053320287305152845,
            "m2": 0.23273113974927462,
            "U4": 0.6581043640586766,
            "chi": 0.42552169265732,
            "random_floor": 0.059496411730872965,
            "n_seeds": 10
          }
        ],
        "chi_max": 1.3905238344851047,
        "Jc": 0.22,
        "N0": 282.5
      },
      "3000": {
        "scan": [
          {
            "J": 0.1,
            "N0_mean": 529.5,
            "z_mean": 13.719305111775295,
            "m": 0.056954311847847126,
            "m_sem": 0.0015979239174450505,
            "m2": 0.0038173719775693934,
            "U4": 0.43937788072495254,
            "chi": 0.3037097307692604,
            "random_floor": 0.04345772804156318,
            "n_seeds": 10
          },
          {
            "J": 0.13,
            "N0_mean": 529.5,
            "z_mean": 13.719305111775295,
            "m": 0.07462168965781912,
            "m_sem": 0.002939260065310878,