{
  "J": 0.85,
  "m": 0.713728014852167,
  "winner": "const",
  "C_long": 0.5116276694817312,
  "m2": 0.5094076791848151,
  "mermin_rel_dev": 0.00435798357117166,
  "label": "DIAGNOSTIC non-criterial (post-suite, documented)"
}