{
  "campaign": "F2_CONTROLE_G2",
  "stage": "g2_suite",
  "config": {
    "Js": [
      0.05,
      0.1,
      0.3,
      0.5,
      0.7,
      1.0,
      1.4,
      2.0
    ],
    "gauge_betas": [
      24.5,
      32.7
    ],
    "B_target": 8.0
  },
  "graph": {
    "n": 1303.5,
    "links": 28874.0,
    "avgdeg": 44.29111915646962
  },
  "ordering": {
    "0.05": {
      "m": 0.02830634425507481,
      "m2": 0.0008012491250868067,
      "chi": 0.012016378591677725,
      "binder": 0.6512001768212958,
      "tau_int_max": 0.8589536230883412,
      "ess_min": 69.85243252630084,
      "C_long": -1.9296499175682204e-05,
      "winner": "insufficient"
    },
    "0.1": {
      "m": 0.029001672025081814,
      "m2": 0.0008410969802504131,
      "chi": 0.011662675375352798,
      "binder": 0.6524460958169092,
      "tau_int_max": 0.5013889251990642,
      "ess_min": 119.66758136147197,
      "C_long": 5.25070157568806e-05,
      "winner": "insufficient"
    },
    "0.3": {
      "m": 0.03253461359462198,
      "m2": 0.0010585010817513614,
      "chi": 0.014351632547318378,
      "binder": 0.652880686820025,
      "tau_int_max": 0.7664235894565705,
      "ess_min": 78.28569060947453,
      "C_long": -1.8739286482833554e-05,
      "winner": "insufficient"
    },
    "0.5": {
      "m": 0.03828049836319339,
      "m2": 0.0014653965549344516,
      "chi": 0.020467531626886686,
      "binder": 0.6522847666016536,
      "tau_int_max": 0.8801788235680704,
      "ess_min": 68.16796586490447,
      "C_long": -3.4872389876290405e-05,
      "winner": "insufficient"
    },
    "0.7": {
      "m": 0.19757405088438706,
      "m2": 0.03903550558286637,
      "chi": 0.03524879725778127,
      "binder": 0.654595548094818,
      "tau_int_max": 5.995884001639755,
      "ess_min": 10.006864706453825,
      "C_long": 0.09205095114119916,
      "winner": "const"
    },
    "1.0": {
      "m": 0.7654351911311577,
      "m2": 0.5858910318219919,
      "chi": 0.032062319106597736,
      "binder": 0.6666099353720628,
      "tau_int_max": 22.429078688019047,
      "ess_min": 2.675098733861513,
      "C_long": 0.5841939972158126,
      "winner": "const"
    },
    "1.4": {
      "m": 0.8381891697701751,
      "m2": 0.7025610843200154,
      "chi": 0.020440696245467543,
      "binder": 0.6666366281920246,
      "tau_int_max": 21.886339363820607,
      "ess_min": 2.7414360621303118,
      "C_long": 0.689263120544087,
      "winner": "const"
    },
    "2.0": {
      "m": 0.8751452403919727,
      "m2": 0.7658791917807237,
      "chi": 0.08602351466330951,
      "binder": 0.6665516457195683,
      "tau_int_max": 23.81567846884354,
      "ess_min": 2.5193487592005406,
      "C_long": 0.7308438208959394,
      "winner": "const"
    }
  },
  "chi_peak_J": 2.0,
  "lro_Js": [
    0.7,
    1.0,
    1.4,
    2.0
  ],
  "j_crossover": 0.7,
  "mermin_rel": {
    "0.7": 1.3581339543762063,
    "1.0": 0.0028965021036453003,
    "1.4": 0.018927839973941967,
    "2.0": 0.045745296726660806
  },
  "goldstone": {
    "expected": 14,
    "found": 14
  },
  "topology": {
    "ladder": {
      "15": {
        "B_g2": 6.357426870431358,
        "B_su3": 0.7946783588039198,
        "ratio_vs_su3": 1.0
      },
      "21": {
        "B_g2": 7.136646083641134,
        "B_su3": 0.8920807604551417,
        "ratio_vs_su3": 1.0
      },
      "31": {
        "B_g2": 7.605460879038392,
        "B_su3": 0.9506826098797992,
        "ratio_vs_su3": 0.9999999999999998
      }
    },
    "B_anti_L21": -7.136646083641134
  },
  "gauge": {
    "24.5": {
      "beta": 24.5,
      "loops": {
        "(1, 1)": 0.7264858433106052,
        "(1, 2)": 0.5014209019155468,
        "(1, 3)": 0.33935410846633557,
        "(2, 1)": 0.5005286864046596,
        "(2, 2)": 0.2053771749425905,
        "(2, 3)": 0.08012053055104304,
        "(3, 1)": 0.33735782594470975,
        "(3, 2)": 0.07592450880756332,
        "(3, 3)": 0.015299803251358624
      },
      "V_r": [
        0.3805874333610213,
        0.9160663899379162,
        1.5466520980858274
      ],
      "r": [
        1.0,
        2.0,
        3.0
      ],
      "creutz22": 0.5200436214953404,
      "V_increases": true,
      "acc_step": 0.10355749670970003
    },
    "32.7": {
      "beta": 32.7,
      "loops": {
        "(1, 1)": 0.7662770813510049,
        "(1, 2)": 0.5532602192149889,
        "(1, 3)": 0.39181930083806965,
        "(2, 1)": 0.5518822214881949,
        "(2, 2)": 0.24734179884381025,
        "(2, 3)": 0.10335287564323994,
        "(3, 1)": 0.39011595352714107,
        "(3, 2)": 0.10123967388234363,
        "(3, 3)": 0.023130065328268314
      },
      "V_r": [
        0.33537153153630567,
        0.8375927732917453,
        1.4126553555176065
      ],
      "r": [
        1.0,
        2.0,
        3.0
      ],
      "creutz22": 0.47684809626510755,
      "V_increases": true,
      "acc_step": 0.09320174703873003
    }
  },
  "checks": {
    "orders_with_LRO": true,
    "disordered_low_J": true,
    "mermin": false,
    "goldstone_14": true,
    "topology_B8": true,
    "confinement_strong": true,
    "sigma_decreasing": true
  },
  "p_f2_5_weak": true,
  "verdict": "B -- a break was found: check the corresponding death D-F2-*",
  "runtime_s": 1427.7223663330078
}