{
  "campaign": "F2_CONTROLE_G2",
  "stage": "gate",
  "algebra": {
    "closure_res": 2.220446049250313e-16,
    "casimir_err": 1.3322676295501878e-15,
    "3form_err": 2.5979218776228663e-14,
    "haar": {
      "chi_mean": -0.007588965411594029,
      "chi2_mean": 0.9771489616422315
    },
    "su2_residual": 9.296559335224015e-16,
    "spec_err": 4.440892098500626e-16
  },
  "su3_stack": {
    "ordering": {
      "0.05": {
        "m": 0.0290493077087512,
        "m2": 0.0008438622783577119,
        "chi": 0.030369475171269797,
        "binder": 0.6295063880196221,
        "tau_int_max": 0.5934226376542974,
        "ess_min": 101.10837739047197,
        "C_long": 0.00028955738988326117,
        "winner": "insufficient"
      },
      "0.1": {
        "m": 0.031898127397053,
        "m2": 0.0010174905314386232,
        "chi": 0.03629968733992398,
        "binder": 0.6310846801544779,
        "tau_int_max": 0.7988190855305893,
        "ess_min": 75.11087439798334,
        "C_long": -0.00011841292045779695,
        "winner": "insufficient"
      },
      "0.2": {
        "m": 0.03912353504261246,
        "m2": 0.0015306509942305253,
        "chi": 0.05642267711430578,
        "binder": 0.6297536432226776,
        "tau_int_max": 0.7410695235503347,
        "ess_min": 80.96406355040817,
        "C_long": 3.413396875627319e-05,
        "winner": "insufficient"
      },
      "0.3": {
        "m": 0.1515852641206342,
        "m2": 0.022978092298522428,
        "chi": 0.23902200954566652,
        "binder": 0.6324432537582486,
        "tau_int_max": 12.579734082638765,
        "ess_min": 4.769576177512825,
        "C_long": 0.02653894289900411,
        "winner": "insufficient"
      },
      "0.5": {
        "m": 0.7350598370269346,
        "m2": 0.5403129640100636,
        "chi": 0.02506247311808077,
        "binder": 0.6666190455173946,
        "tau_int_max": 13.071489856476713,
        "ess_min": 4.590142413664573,
        "C_long": 0.5338197102198949,
        "winner": "const"
      },
      "1.0": {
        "m": 0.8839501960031521,
        "m2": 0.781367949014011,
        "chi": 0.00747906822805694,
        "binder": 0.6666568325242956,
        "tau_int_max": 12.489116435958925,
        "ess_min": 4.804182930607224,
        "C_long": 0.7734871048075843,
        "winner": "const"
      },
      "2.0": {
        "m": 0.941215236376957,
        "m2": 0.8858861211881311,
        "chi": 0.009705005206469886,
        "binder": 0.6666554018095361,
        "tau_int_max": 21.62308103327066,
        "ess_min": 2.774812706278081,
        "C_long": 0.8813577682864365,
        "winner": "const"
      }
    },
    "chi_peak_J": 0.3,
    "mermin_rel": {
      "0.5": 0.012017579111886143,
      "1.0": 0.01008595785938148,
      "2.0": 0.0051116647991067896
    },
    "gauge": {
      "beta": 4.5,
      "loops": {
        "(1, 1)": 0.27690227186408334,
        "(1, 2)": 0.07992889340327557,
        "(1, 3)": 0.02331965829048183,
        "(2, 1)": 0.07944263164499313,
        "(2, 2)": 0.008057556194474735,
        "(2, 3)": 0.003900808858573019,
        "(3, 1)": 0.02224261551541267,
        "(3, 2)": -3.1483300379164545e-05,
        "(3, 3)": -0.004246254444378492
      },
      "V_r": [
        1.2371839632362474,
        1.5069256076887163
      ],
      "r": [
        1.0,
        2.0
      ],
      "creutz22": 1.0458976099656907,
      "V_increases": true,
      "acc_step": 0.36300000000000004
    },
    "B_ladder": {
      "15": 0.7946783588039198,
      "21": 0.8920807604551417
    }
  },
  "g2_disordered": {
    "m": 0.028830442557670397,
    "floor": 0.0834299517232724
  },
  "gates": {
    "G1_dim14": true,
    "G2_closure": true,
    "G3_casimir": true,
    "G4_3form": true,
    "G5_haar": true,
    "G6_so4": true,
    "G7_su3_reproduces": true,
    "G8_g2_disordered": true
  },
  "verdict": "GREEN",
  "runtime_s": 324.0459156036377
}