{
  "family": "Lorentz-invariant repulsive point process (Matern II in s^2)",
  "rule": "retain Matern-II w/ exclusion |s^2_ij|<r0^2, r0=alpha*dtau0(cand); graph = causal covering (Hasse)",
  "dim": 3,
  "T_box": 1.0,
  "L_box": 3.0,
  "alphas": [
    0.0,
    0.1,
    0.2,
    0.3
  ],
  "ret_ladder": [
    400,
    800,
    1500,
    2500
  ],
  "ncand_cap": 6500,
  "n_seeds": 5,
  "estimator": "rs_clustering.clustering_metrics VERBATIM",
  "p_ret_probe": {
    "0.0": 1.0,
    "0.1": 0.8365584516799908,
    "0.2": 0.5266483151250037,
    "0.3": 0.29907333552352616
  },
  "by_alpha": {
    "0.0": {
      "alpha": 0.0,
      "rows": [
        {
          "N_target": 400,
          "N_mean": 389.4,
          "n_cand": 400,
          "p_ret": 1.0,
          "n_seeds": 5,
          "z_mean": 9.42533534164494,
          "z_sem": 0.28923985344054975,
          "C4": 0.10282220360659342,
          "C4_sem": 0.0027198719437303296,
          "C_trans": 0.0,
          "runtime_s": 0.13070939999306574
        },
        {
          "N_target": 800,
          "N_mean": 789.0,
          "n_cand": 800,
          "p_ret": 1.0,
          "n_seeds": 5,
          "z_mean": 14.390950132933176,
          "z_sem": 0.15523549185282987,
          "C4": 0.07852089422390669,
          "C4_sem": 0.0017938044356021424,
          "C_trans": 0.0,
          "runtime_s": 0.6219784999848343
        },
        {
          "N_target": 1500,
          "N_mean": 1527.3333333333333,
          "n_cand": 1500,
          "p_ret": 1.0,
          "n_seeds": 3,
          "z_mean": 20.651432900648498,
          "z_sem": 0.17772452972528868,
          "C4": 0.06002180114160214,
          "C4_sem": 0.0009361116722890301,
          "C_trans": 0.0,
          "runtime_s": 1.5967288000392728
        },
        {
          "N_target": 2500,
          "N_mean": 2519.0,
          "n_cand": 2500,
          "p_ret": 1.0,
          "n_seeds": 3,
          "z_mean": 26.2476114497853,
          "z_sem": 0.05676944700863223,
          "C4": 0.047468134217582475,
          "C4_sem": 0.0006075364056598699,
          "C_trans": 0.0,
          "runtime_s": 4.64236160001019
        }
      ],
      "z_dlnN": [
        7.031862779730962,
        9.478223506901925,
        11.184780483072418
      ],
      "c4_dlnN": [
        -0.03441335667974943,
        -0.028007191364421438,
        -0.025090337552654537
      ],
      "z_slope_top": 11.184780483072418,
      "c4_slope_top": -0.025090337552654537
    },
    "0.1": {
      "alpha": 0.1,
      "rows": [
        {
          "N_target": 400,
          "N_mean": 429.4,
          "n_cand": 478,
          "p_ret": 0.9093117291703059,
          "n_seeds": 5,
          "z_mean": 10.466940423597467,
          "z_sem": 0.11129057842397354,
          "C4": 0.10452583731810346,
          "C4_sem": 0.0017836562955360878,
          "C_trans": 0.0,
          "runtime_s": 0.2345971000031568
        },
        {
          "N_target": 800,
          "N_mean": 848.2,
          "n_cand": 956,
          "p_ret": 0.8852378517396844,
          "n_seeds": 5,
          "z_mean": 15.277430461508255,
          "z_sem": 0.23022336968722518,
          "C4": 0.07861149568310889,
          "C4_sem": 0.0006447725148492279,
          "C_trans": 0.0,
          "runtime_s": 0.9504984000232071
        },
        {
          "N_target": 1500,
          "N_mean": 1536.3333333333333,
          "n_cand": 1793,
          "p_ret": 0.8675421091208037,
          "n_seeds": 3,
          "z_mean": 21.020669773677962,
          "z_sem": 0.27794697394206447,
          "C4": 0.06012229409015929,
          "C4_sem": 0.002281630884068164,
          "C_trans": 0.0,
          "runtime_s": 2.066007499990519
        },
        {
          "N_target": 2500,
          "N_mean": 2474.3333333333335,
          "n_cand": 2988,
          "p_ret": 0.8311612945345033,
          "n_seeds": 3,
          "z_mean": 26.297045598417103,
          "z_sem": 0.12114678963318888,
          "C4": 0.04780210430741689,
          "C4_sem": 0.0004457156603672514,
          "C_trans": 0.0,
          "runtime_s": 5.724207999999635
        }
      ],
      "z_dlnN": [
        7.0666889937096204,
        9.668143550644837,
        11.071510033318303
      ],
      "c4_dlnN": [
        -0.038068594128256514,
        -0.031124639845438826,
        -0.02585166586361611
      ],
      "z_slope_top": 11.071510033318303,
      "c4_slope_top": -0.02585166586361611
    },
    "0.2": {
      "alpha": 0.2,
      "rows": [
        {
          "N_target": 400,
          "N_mean": 489.2,
          "n_cand": 760,
          "p_ret": 0.6620445402941344,
          "n_seeds": 5,
          "z_mean": 10.894104104218073,
          "z_sem": 0.27124233409325244,
          "C4": 0.09703404736989985,
          "C4_sem": 0.0020318071819102213,
          "C_trans": 0.0,
          "runtime_s": 0.3461595999542624
        },
        {
          "N_target": 800,
          "N_mean": 915.8,
          "n_cand": 1519,
          "p_ret": 0.5881730869377498,
          "n_seeds": 5,
          "z_mean": 16.106499691207,
          "z_sem": 0.19060982913230615,
          "C4": 0.07763105694171694,
          "C4_sem": 0.0007313143909747374,
          "C_trans": 0.0,
          "runtime_s": 1.4660971999983303
        },
        {
          "N_target": 1500,
          "N_mean": 1526.6666666666667,
          "n_cand": 2848,
          "p_ret": 0.5254734599412122,
          "n_seeds": 3,
          "z_mean": 20.48673620822756,
          "z_sem": 0.15662903143158846,
          "C4": 0.06222684950615306,
          "C4_sem": 0.0005106076221929817,
          "C_trans": 0.0,
          "runtime_s": 2.6433298000483774
        },
        {
          "N_target": 2500,
          "N_mean": 2256.3333333333335,
          "n_cand": 4747,
          "p_ret": 0.47367760500404993,
          "n_seeds": 3,
          "z_mean": 24.7289957055761,
          "z_sem": 0.11142114773440379,
          "C4": 0.051316584063669624,
          "C4_sem": 0.0003181586006334676,
          "C_trans": 0.0,
          "runtime_s": 6.625061099999584
        }
      ],
      "z_dlnN": [
        8.312877981304684,
        8.571153595411323,
        10.859367900015583
      ],
      "c4_dlnN": [
        -0.030944445641180353,
        -0.030142625274400342,
        -0.027928179876974598
      ],
      "z_slope_top": 10.859367900015583,
      "c4_slope_top": -0.027928179876974598
    },
    "0.3": {
      "alpha": 0.3,
      "rows": [
        {
          "N_target": 400,
          "N_mean": 510.2,
          "n_cand": 1337,
          "p_ret": 0.3794914988136599,
          "n_seeds": 5,
          "z_mean": 11.320822250370703,
          "z_sem": 0.19632764281628778,
          "C4": 0.1018945036770367,
          "C4_sem": 0.001815847848784579,
          "C_trans": 0.0,
          "runtime_s": 0.6561390000279061
        },
        {
          "N_target": 800,
          "N_mean": 833.8,
          "n_cand": 2675,
          "p_ret": 0.3143837438852626,
          "n_seeds": 5,
          "z_mean": 14.991511850024931,
          "z_sem": 0.1915417613617142,
          "C4": 0.08101680883499485,
          "C4_sem": 0.001817183317942783,
          "C_trans": 0.0,
          "runtime_s": 2.252000800042879
        },
        {
          "N_target": 1500,
          "N_mean": 1293.3333333333333,
          "n_cand": 5015,
          "p_ret": 0.2599836213773831,
          "n_seeds": 3,
          "z_mean": 19.077981426150718,
          "z_sem": 0.18727508694319078,
          "C4": 0.06636107971696467,
          "C4_sem": 0.00027778438801444327,
          "C_trans": 0.0,
          "runtime_s": 4.301335699972697
        },
        {
          "N_target": 2500,
          "N_mean": 1545.0,
          "n_cand": 6500,
          "p_ret": 0.24022913032441995,
          "n_seeds": 3,
          "z_mean": 20.37590687542397,
          "z_sem": 0.27241682568805575,
          "C4": 0.06135406944705827,
          "C4_sem": 0.0007365179487531682,
          "C_trans": 0.0,