{
  "family": "foliated anisotropic (Horava-Lifshitz discrete) -- NOT Lorentz-invariant",
  "rule": "intra-slice |dx|<r_s (k_intra fixed) + inter-slice adjacent |dx|<lam*r_s",
  "L": 4.0,
  "k_intra": 6.0,
  "T": 8,
  "lams": [
    0.0,
    0.25,
    0.5,
    0.75,
    1.0,
    1.5,
    2.0
  ],
  "n_slice_ladder": [
    50,
    100,
    200,
    400
  ],
  "n_seeds": 4,
  "estimator": "clustering_metrics VERBATIM",
  "by_lam": {
    "0.0": {
      "lam": 0.0,
      "rows": [
        {
          "N_slice": 50,
          "N": 400.0,
          "n_seeds": 4,
          "z_mean": 4.929212114484294,
          "z_sem": 0.1371073836614071,
          "C4": 0.31858665668361064,
          "C4_sem": 0.006473041497649308,
          "C_trans": 0.620129872435433,
          "perc_frac": null,
          "runtime_s": 0.052147299982607365
        },
        {
          "N_slice": 100,
          "N": 832.0,
          "n_seeds": 4,
          "z_mean": 5.4444782242605125,
          "z_sem": 0.10711564056317,
          "C4": 0.2881223536766172,
          "C4_sem": 0.007002605535153499,
          "C_trans": 0.598417546085117,
          "perc_frac": null,
          "runtime_s": 0.11399879999225959
        },
        {
          "N_slice": 200,
          "N": 1566.5,
          "n_seeds": 4,
          "z_mean": 5.458493698205124,
          "z_sem": 0.10280936648103081,
          "C4": 0.2953896772792261,
          "C4_sem": 0.0012797001044989916,
          "C_trans": 0.6071528980978675,
          "perc_frac": null,
          "runtime_s": 0.15405529999407008
        },
        {
          "N_slice": 400,
          "N": 3202.0,
          "n_seeds": 2,
          "z_mean": 5.671968971804246,
          "z_sem": 0.04758530203583516,
          "C4": 0.28588631434666245,
          "C4_sem": 0.0013411441131935147,
          "C_trans": 0.600965952769818,
          "perc_frac": null,
          "runtime_s": 0.3109948000055738
        }
      ],
      "z_dlnN": [
        0.7035618494466408,
        0.02214951358628375,
        0.29859530465164474
      ],
      "c4_dlnN": [
        -0.041596994172606816,
        0.01148499747550788,
        -0.01329268491953189
      ],
      "z_slope_top": 0.29859530465164474,
      "c4_slope_top": -0.01329268491953189
    },
    "0.25": {
      "lam": 0.25,
      "rows": [
        {
          "N_slice": 50,
          "N": 404.25,
          "n_seeds": 4,
          "z_mean": 5.737144022372669,
          "z_sem": 0.21333613382482158,
          "C4": 0.20622403577261728,
          "C4_sem": 0.004730570891703777,
          "C_trans": 0.49645309010982436,
          "perc_frac": 1.0,
          "runtime_s": 0.04156620003050193
        },
        {
          "N_slice": 100,
          "N": 794.75,
          "n_seeds": 4,
          "z_mean": 6.130736585004666,
          "z_sem": 0.04307671090501891,
          "C4": 0.21116743238277827,
          "C4_sem": 0.0019463231106774906,
          "C_trans": 0.5059519247165024,
          "perc_frac": 1.0,
          "runtime_s": 0.1101263000164181
        },
        {
          "N_slice": 200,
          "N": 1562.25,
          "n_seeds": 4,
          "z_mean": 6.01126799057363,
          "z_sem": 0.02909042374634622,
          "C4": 0.19271471011059924,
          "C4_sem": 0.001297326094493506,
          "C_trans": 0.48591940061698125,
          "perc_frac": 1.0,
          "runtime_s": 0.294246600009501
        },
        {
          "N_slice": 400,
          "N": 3259.0,
          "n_seeds": 2,
          "z_mean": 6.507771368246427,
          "z_sem": 0.16330346247952524,
          "C4": 0.19388432777656908,
          "C4_sem": 0.004555648013510242,
          "C_trans": 0.4887389304958594,
          "perc_frac": 1.0,
          "runtime_s": 0.4569238000549376
        }
      ],
      "z_dlnN": [
        0.5822425992408249,
        -0.17676666631289892,
        0.6752453352984262
      ],
      "c4_dlnN": [
        0.00731278068907401,
        -0.027302792135332227,
        0.0015906817728624759
      ],
      "z_slope_top": 0.6752453352984262,
      "c4_slope_top": 0.0015906817728624759
    },
    "0.5": {
      "lam": 0.5,
      "rows": [
        {
          "N_slice": 50,
          "N": 393.0,
          "n_seeds": 4,
          "z_mean": 7.703600531071688,
          "z_sem": 0.23296938013686536,
          "C4": 0.18919530499453246,
          "C4_sem": 0.0010321435453158358,
          "C_trans": 0.44992779717411774,
          "perc_frac": 1.0,
          "runtime_s": 0.07339609996415675
        },
        {
          "N_slice": 100,
          "N": 789.25,
          "n_seeds": 4,
          "z_mean": 7.870883726569793,
          "z_sem": 0.09729447959644182,
          "C4": 0.18281348519515153,
          "C4_sem": 0.0036526874376466693,
          "C_trans": 0.4440757814435733,
          "perc_frac": 1.0,
          "runtime_s": 0.1560874999850057
        },
        {
          "N_slice": 200,
          "N": 1580.25,
          "n_seeds": 4,
          "z_mean": 8.259856647378408,
          "z_sem": 0.11077563587861106,
          "C4": 0.1798782388758598,
          "C4_sem": 0.0014185675859203454,
          "C_trans": 0.4394613317009639,
          "perc_frac": 1.0,
          "runtime_s": 0.34227000002283603
        },
        {
          "N_slice": 400,
          "N": 3200.0,
          "n_seeds": 2,
          "z_mean": 8.550832235286144,
          "z_sem": 0.025548476722904393,
          "C4": 0.17393127684796633,
          "C4_sem": 0.00028052201838808485,
          "C_trans": 0.43211331863455615,
          "perc_frac": 1.0,
          "runtime_s": 0.5109579000272788
        }
      ],
      "z_dlnN": [
        0.23991043939426615,
        0.5602736760384297,
        0.4123992188778057
      ],
      "c4_dlnN": [
        -0.00915253434539903,
        -0.0042279067703970274,
        -0.008428619433795567
      ],
      "z_slope_top": 0.4123992188778057,
      "c4_slope_top": -0.008428619433795567
    },
    "0.75": {
      "lam": 0.75,
      "rows": [
        {
          "N_slice": 50,
          "N": 393.0,
          "n_seeds": 4,
          "z_mean": 10.791801703476454,
          "z_sem": 0.395618247278061,
          "C4": 0.2122840813213751,
          "C4_sem": 0.0030049658968596786,
          "C_trans": 0.4978793655859232,
          "perc_frac": 1.0,
          "runtime_s": 0.14585109998006374
        },
        {
          "N_slice": 100,
          "N": 796.75,
          "n_seeds": 4,
          "z_mean": 11.298700291680179,
          "z_sem": 0.06821020190752375,
          "C4": 0.2089702006525404,
          "C4_sem": 0.0014934759326743837,
          "C_trans": 0.4933684855691498,
          "perc_frac": 1.0,
          "runtime_s": 0.3130294000147842
        },
        {
          "N_slice": 200,
          "N": 1602.75,
          "n_seeds": 4,
          "z_mean": 11.808874118256515,
          "z_sem": 0.16741455717593193,
          "C4": 0.19832837764043412,
          "C4_sem": 0.002807858415258709,
          "C_trans": 0.4826759245535248,
          "perc_frac": 1.0,
          "runtime_s": 0.6847680000355467
        },
        {
          "N_slice": 400,
          "N": 3108.0,
          "n_seeds": 2,
          "z_mean": 11.78857274065832,
          "z_sem": 0.0163938512574926,
          "C4": 0.1961698070309223,
          "C4_sem": 0.001629175703238428,
          "C_trans": 0.48500879500375776,
          "perc_frac": 1.0,
          "runtime_s": 0.787436299957335
        }
      ],
      "z_dlnN": [
        0.7172436801506055,
        0.7299300492983647,
        -0.030654762031517725
      ],
      "c4_dlnN": [
        -0.004689024632950206,
        -0.01522576422232224,
        -0.0032594077935232577
      ],
      "z_slope_top": -0.030654762031517725,
      "c4_slope_top": -0.0032594077935232577
    },
    "1.0": {
      "lam": 1.0,
      "rows": [
        {
          "N_slice": 50,
          "N": 391.0,
          "n_seeds": 4,
          "z_mean": 14.332211891524977,
          "z_sem": 0.5980701897383144,